mean_fit_time,std_fit_time,mean_score_time,std_score_time,param_max_depth,param_min_samples_split,params,split0_test_accuracy,split1_test_accuracy,split2_test_accuracy,split3_test_accuracy,split4_test_accuracy,mean_test_accuracy,std_test_accuracy,rank_test_accuracy,split0_test_recall,split1_test_recall,split2_test_recall,split3_test_recall,split4_test_recall,mean_test_recall,std_test_recall,rank_test_recall,split0_test_f1,split1_test_f1,split2_test_f1,split3_test_f1,split4_test_f1,mean_test_f1,std_test_f1,rank_test_f1
9.5414532661438,0.07988921487251696,0.024187374114990234,0.0015980706135506077,5,2,"{'max_depth': 5, 'min_samples_split': 2}",0.793009284543965,0.7966502821773166,0.7940640932265113,0.7933357611070648,0.7836853605243991,0.7921489563158514,0.0044206517141999096,7,0.883102694828842,0.7921368765926465,0.7924253459577567,0.7978878368536052,0.7982520029133284,0.8127609514292358,0.035266327570275896,7,0.8100885251377986,0.7957579082099104,0.7937260623746124,0.7942722494109117,0.7867910983488873,0.7961271686964241,0.007634449209321863,7
9.584755849838256,0.07753201919609158,0.02461533546447754,0.0011478267185588073,5,5,"{'max_depth': 5, 'min_samples_split': 5}",0.793009284543965,0.7966502821773166,0.7940640932265113,0.7933357611070648,0.7836853605243991,0.7921489563158514,0.0044206517141999096,7,0.883102694828842,0.7921368765926465,0.7924253459577567,0.7978878368536052,0.7982520029133284,0.8127609514292358,0.035266327570275896,7,0.8100885251377986,0.7957579082099104,0.7937260623746124,0.7942722494109117,0.7867910983488873,0.7961271686964241,0.007634449209321863,7
9.582764196395875,0.07045003941246801,0.02380204200744629,0.0031350656159619484,5,10,"{'max_depth': 5, 'min_samples_split': 10}",0.793009284543965,0.7966502821773166,0.7940640932265113,0.7933357611070648,0.7836853605243991,0.7921489563158514,0.0044206517141999096,7,0.883102694828842,0.7921368765926465,0.7924253459577567,0.7978878368536052,0.7982520029133284,0.8127609514292358,0.035266327570275896,7,0.8100885251377986,0.7957579082099104,0.7937260623746124,0.7942722494109117,0.7867910983488873,0.7961271686964241,0.007634449209321863,7
17.63595757484436,0.10503987376669914,0.021693897247314454,0.0012971123072676707,10,2,"{'max_depth': 10, 'min_samples_split': 2}",0.854542144547606,0.8594574913526306,0.8516023306627822,0.8505098324836126,0.8548798252002914,0.8541983248493846,0.0031172311037607676,4,0.9133284777858703,0.9115398616672734,0.9348142753095412,0.9326292789512017,0.9235251274581209,0.9231674042344015,0.009563564865803119,3,0.8625967325881342,0.8664359861591695,0.863002185241217,0.861854282348982,0.8642017379451354,0.8636181848565275,0.0016009191551848438,4
17.54856929779053,0.05846023824137142,0.022005033493041993,0.0015504581413761625,10,5,"{'max_depth': 10, 'min_samples_split': 5}",0.8527216457309302,0.860549790642636,0.8510560815731973,0.8525127458120904,0.8534231609613984,0.8540526849440505,0.003338604276716285,5,0.9122359796067007,0.9115398616672734,0.9337217771303714,0.9351784413692644,0.9224326292789512,0.9230217378105122,0.010107318056968762,4,0.8609726757174773,0.8673363352961552,0.8624285233770602,0.863773965691221,0.8628853687617101,0.8634793737687249,0.0021308965361568535,5
17.652608013153078,0.159072347486785,0.022200584411621094,0.0020836938092333897,10,10,"{'max_depth': 10, 'min_samples_split': 10}",0.851083196795922,0.8569087930092846,0.8514202476329206,0.8501456664238893,0.8519664967225055,0.8523048801169043,0.0023768805515977866,6,0.9104151493080845,0.908627593738624,0.9359067734887109,0.9344501092498179,0.9202476329206118,0.9219294517411699,0.011528048308961734,5,0.8594018563080096,0.8639667705088265,0.8629952988582942,0.8617968094038623,0.8614283279359127,0.8619178126029811,0.001545540567051796,6
41.16187963485718,2.69027024934261,0.022220659255981445,0.0003009973289319357,,2,"{'max_depth': None, 'min_samples_split': 2}",0.8834880757327508,0.8944110686328054,0.8892935178441369,0.8911143481427531,0.8883831026948289,0.8893380226094549,0.0035784594320188985,1,0.9366351056081573,0.9428467419002549,0.9366351056081573,0.9384559359067735,0.9337217771303714,0.9376589332307429,0.0030048699212210234,1,0.8893499308437067,0.8993055555555556,0.894297635605007,0.8960361613351877,0.8932241769726529,0.8944426920624219,0.003275015203225259,1
39.70994157791138,1.6982738141387075,0.01974310874938965,0.0032098174372967468,,5,"{'max_depth': None, 'min_samples_split': 5}",0.8869470234844348,0.8931367194611324,0.8891114348142753,0.885469774217043,0.8860160233066279,0.8881361950567026,0.002791966843511015,2,0.9337217771303714,0.93520203858755,0.9319009468317553,0.9278951201747997,0.92680262199563,0.9311045009440214,0.0032582376474505426,2,0.8919812141241955,0.897467248908297,0.8936616029334731,0.8901310043668123,0.8904828551434569,0.892744785095247,0.002671083557099276,2
32.90594840049744,1.4604004118897138,0.01545886993408203,0.00023238390691752758,,10,"{'max_depth': None, 'min_samples_split': 10}",0.8723830329510286,0.8822137265610778,0.880189366351056,0.8772760378732702,0.883102694828842,0.8790329717130548,0.003881381152560794,3,0.9093226511289147,0.9184564979978158,0.9173343044428259,0.9151493080844866,0.9176984705025492,0.9155922464313185,0.0033220145281105664,6,0.8769095697980684,0.8863516599332514,0.8844803370786517,0.8817543859649123,0.8870116156282999,0.8833015136806367,0.0036799028246616936,3
